{
  "hash": "2a6a2c2b",
  "configHash": "be616cd1",
  "lockfileHash": "831b74c2",
  "browserHash": "ce2b74a7",
  "optimized": {
    "@angular/cdk/bidi": {
      "src": "../../../../../../node_modules/@angular/cdk/fesm2022/bidi.mjs",
      "file": "@angular_cdk_bidi.js",
      "fileHash": "90ea4a55",
      "needsInterop": false
    },
    "@angular/cdk/scrolling": {
      "src": "../../../../../../node_modules/@angular/cdk/fesm2022/scrolling.mjs",
      "file": "@angular_cdk_scrolling.js",
      "fileHash": "5f5a373f",
      "needsInterop": false
    },
    "@angular/cdk/text-field": {
      "src": "../../../../../../node_modules/@angular/cdk/fesm2022/text-field.mjs",
      "file": "@angular_cdk_text-field.js",
      "fileHash": "4cda4867",
      "needsInterop": false
    },
    "@angular/common": {
      "src": "../../../../../../node_modules/@angular/common/fesm2022/common.mjs",
      "file": "@angular_common.js",
      "fileHash": "9ef7b11b",
      "needsInterop": false
    },
    "@angular/common/http": {
      "src": "../../../../../../node_modules/@angular/common/fesm2022/http.mjs",
      "file": "@angular_common_http.js",
      "fileHash": "71c801c3",
      "needsInterop": false
    },
    "@angular/core": {
      "src": "../../../../../../node_modules/@angular/core/fesm2022/core.mjs",
      "file": "@angular_core.js",
      "fileHash": "fb49ff31",
      "needsInterop": false
    },
    "@angular/forms": {
      "src": "../../../../../../node_modules/@angular/forms/fesm2022/forms.mjs",
      "file": "@angular_forms.js",
      "fileHash": "14a708be",
      "needsInterop": false
    },
    "@angular/material/button": {
      "src": "../../../../../../node_modules/@angular/material/fesm2022/button.mjs",
      "file": "@angular_material_button.js",
      "fileHash": "677a7ea8",
      "needsInterop": false
    },
    "@angular/material/dialog": {
      "src": "../../../../../../node_modules/@angular/material/fesm2022/dialog.mjs",
      "file": "@angular_material_dialog.js",
      "fileHash": "a5395012",
      "needsInterop": false
    },
    "@angular/material/form-field": {
      "src": "../../../../../../node_modules/@angular/material/fesm2022/form-field.mjs",
      "file": "@angular_material_form-field.js",
      "fileHash": "4fb752ef",
      "needsInterop": false
    },
    "@angular/material/icon": {
      "src": "../../../../../../node_modules/@angular/material/fesm2022/icon.mjs",
      "file": "@angular_material_icon.js",
      "fileHash": "6d63f723",
      "needsInterop": false
    },
    "@angular/material/input": {
      "src": "../../../../../../node_modules/@angular/material/fesm2022/input.mjs",
      "file": "@angular_material_input.js",
      "fileHash": "095969e9",
      "needsInterop": false
    },
    "@angular/material/paginator": {
      "src": "../../../../../../node_modules/@angular/material/fesm2022/paginator.mjs",
      "file": "@angular_material_paginator.js",
      "fileHash": "5ac6165c",
      "needsInterop": false
    },
    "@angular/material/select": {
      "src": "../../../../../../node_modules/@angular/material/fesm2022/select.mjs",
      "file": "@angular_material_select.js",
      "fileHash": "972772b7",
      "needsInterop": false
    },
    "@angular/material/slide-toggle": {
      "src": "../../../../../../node_modules/@angular/material/fesm2022/slide-toggle.mjs",
      "file": "@angular_material_slide-toggle.js",
      "fileHash": "e06be4c6",
      "needsInterop": false
    },
    "@angular/material/sort": {
      "src": "../../../../../../node_modules/@angular/material/fesm2022/sort.mjs",
      "file": "@angular_material_sort.js",
      "fileHash": "81a1b066",
      "needsInterop": false
    },
    "@angular/material/table": {
      "src": "../../../../../../node_modules/@angular/material/fesm2022/table.mjs",
      "file": "@angular_material_table.js",
      "fileHash": "59ccf17f",
      "needsInterop": false
    },
    "@angular/platform-browser": {
      "src": "../../../../../../node_modules/@angular/platform-browser/fesm2022/platform-browser.mjs",
      "file": "@angular_platform-browser.js",
      "fileHash": "bcaeda4a",
      "needsInterop": false
    },
    "@angular/router": {
      "src": "../../../../../../node_modules/@angular/router/fesm2022/router.mjs",
      "file": "@angular_router.js",
      "fileHash": "eb6b2bde",
      "needsInterop": false
    },
    "rxjs": {
      "src": "../../../../../../node_modules/rxjs/dist/esm5/index.js",
      "file": "rxjs.js",
      "fileHash": "7e4fce59",
      "needsInterop": false
    },
    "rxjs/operators": {
      "src": "../../../../../../node_modules/rxjs/dist/esm5/operators/index.js",
      "file": "rxjs_operators.js",
      "fileHash": "ff394415",
      "needsInterop": false
    },
    "zone.js": {
      "src": "../../../../../../node_modules/zone.js/fesm2015/zone.js",
      "file": "zone__js.js",
      "fileHash": "0cd4c08b",
      "needsInterop": true
    },
    "@angular/material/core": {
      "src": "../../../../../../node_modules/@angular/material/fesm2022/core.mjs",
      "file": "@angular_material_core.js",
      "fileHash": "d16be063",
      "needsInterop": false
    },
    "@angular/material/snack-bar": {
      "src": "../../../../../../node_modules/@angular/material/fesm2022/snack-bar.mjs",
      "file": "@angular_material_snack-bar.js",
      "fileHash": "3fe0bb45",
      "needsInterop": false
    },
    "@angular/material/progress-spinner": {
      "src": "../../../../../../node_modules/@angular/material/fesm2022/progress-spinner.mjs",
      "file": "@angular_material_progress-spinner.js",
      "fileHash": "6e0c18dc",
      "needsInterop": false
    }
  },
  "chunks": {
    "chunk-FGEJ5MTM": {
      "file": "chunk-FGEJ5MTM.js"
    },
    "chunk-CP5QWYZV": {
      "file": "chunk-CP5QWYZV.js"
    },
    "chunk-XG22F2ZY": {
      "file": "chunk-XG22F2ZY.js"
    },
    "chunk-VR2XMPHE": {
      "file": "chunk-VR2XMPHE.js"
    },
    "chunk-4PAIQXDM": {
      "file": "chunk-4PAIQXDM.js"
    },
    "chunk-XRA2WDMX": {
      "file": "chunk-XRA2WDMX.js"
    },
    "chunk-6KHLLCLN": {
      "file": "chunk-6KHLLCLN.js"
    },
    "chunk-X3BE2CBO": {
      "file": "chunk-X3BE2CBO.js"
    },
    "chunk-KKOGRUZ7": {
      "file": "chunk-KKOGRUZ7.js"
    },
    "chunk-SE626PVE": {
      "file": "chunk-SE626PVE.js"
    },
    "chunk-MK63RKNY": {
      "file": "chunk-MK63RKNY.js"
    },
    "chunk-2ARJVQFF": {
      "file": "chunk-2ARJVQFF.js"
    },
    "chunk-RJHSVUYN": {
      "file": "chunk-RJHSVUYN.js"
    },
    "chunk-QCETVJKM": {
      "file": "chunk-QCETVJKM.js"
    },
    "chunk-KAPXTIMC": {
      "file": "chunk-KAPXTIMC.js"
    },
    "chunk-ZXYIMIJX": {
      "file": "chunk-ZXYIMIJX.js"
    },
    "chunk-SGVRIVRU": {
      "file": "chunk-SGVRIVRU.js"
    },
    "chunk-YGQ7NIPU": {
      "file": "chunk-YGQ7NIPU.js"
    },
    "chunk-BB2JUGTQ": {
      "file": "chunk-BB2JUGTQ.js"
    },
    "chunk-N4Q74H3R": {
      "file": "chunk-N4Q74H3R.js"
    },
    "chunk-A2SVHAWZ": {
      "file": "chunk-A2SVHAWZ.js"
    },
    "chunk-DUHGKU6W": {
      "file": "chunk-DUHGKU6W.js"
    },
    "chunk-7DEXNUB2": {
      "file": "chunk-7DEXNUB2.js"
    },
    "chunk-EOFW2REK": {
      "file": "chunk-EOFW2REK.js"
    },
    "chunk-W2VJSKLJ": {
      "file": "chunk-W2VJSKLJ.js"
    },
    "chunk-KQKSOHSZ": {
      "file": "chunk-KQKSOHSZ.js"
    },
    "chunk-4CBJQKVU": {
      "file": "chunk-4CBJQKVU.js"
    },
    "chunk-OPGNYZHR": {
      "file": "chunk-OPGNYZHR.js"
    },
    "chunk-SGFHSIPH": {
      "file": "chunk-SGFHSIPH.js"
    },
    "chunk-YVXMBCE5": {
      "file": "chunk-YVXMBCE5.js"
    },
    "chunk-G6ECYYJH": {
      "file": "chunk-G6ECYYJH.js"
    },
    "chunk-RTGP7ALM": {
      "file": "chunk-RTGP7ALM.js"
    },
    "chunk-WDMUDEB6": {
      "file": "chunk-WDMUDEB6.js"
    }
  }
}